_id,batch_id,blockchain_hash,blockchain_time,collected_time,cond,device,ph,predicted_time,real_anomaly,real_class,temp,turb
6a39ff0c260514f6dd969a2f,ECODOBEM-00000000093,d831fd4a2b49181f0488201d2f778712ed190851c1bc332babe1ab2086903c8b,2026-06-23T11:35:40.088218,2026-6-23T11:35:38.000000,98.2,esp32-s3,8.7,2026-06-23T11:35:39.818476,0,3,29,54.2
6a39ff34260514f6dd969a31,ECODOBEM-00000000094,19d91bd42c8f3e02222b78e1811c8c446fc5358f2d7e1c0eadb5b3c33c098cc9,2026-06-23T11:36:20.642724,2026-6-23T11:36:19.000000,98.1,esp32-s3,8.7,2026-06-23T11:36:20.423479,0,3,29.1,53
6a39ff5d260514f6dd969a33,ECODOBEM-00000000095,f8e9cb4cd214914c380de528df63ab1a05fcf18ada56ed3c28a3d002efb51240,2026-06-23T11:37:01.084034,2026-6-23T11:36:59.000000,99.5,esp32-s3,8.6,2026-06-23T11:37:00.794302,0,3,29.1,52.5
6a39ff85260514f6dd969a35,ECODOBEM-00000000096,6a193ace68ec116fab8c528fc104a4b36fdc372181cc33c4d7f069b8b51efb38,2026-06-23T11:37:41.430553,2026-6-23T11:37:40.000000,97.1,esp32-s3,8.6,2026-06-23T11:37:41.156344,0,3,29.2,52.2
6a39ffae260514f6dd969a37,ECODOBEM-00000000097,7f9576adc9d11bef0a46959de9150bd47b598978e581e2299c7319eef597cbf5,2026-06-23T11:38:21.979396,2026-6-23T11:38:20.000000,99.2,esp32-s3,8.7,2026-06-23T11:38:21.731882,0,3,29.2,53.7
6a39ffd6260514f6dd969a39,ECODOBEM-00000000098,0267bd01c2a98435c11d015ef76153795679fb7f2274eca4b901c0a703f91965,2026-06-23T11:39:02.529862,2026-6-23T11:39:01.000000,98.3,esp32-s3,8.6,2026-06-23T11:39:02.232761,0,3,29.2,53.1
6a39ffff260514f6dd969a3b,ECODOBEM-00000000099,557a7bfc3ddfaaf73a96c3b611fe098744bba4fb63b6509f4a27c1c79ef05f6e,2026-06-23T11:39:43.082674,2026-6-23T11:39:41.000000,97.6,esp32-s3,8.7,2026-06-23T11:39:42.807273,0,3,29.2,52.7
6a3a0027260514f6dd969a3d,ECODOBEM-00000000100,344c8e07d2fa6957bf9052a3b85007444d4410d8bdbcc113ff5eb278bda3f0a5,2026-06-23T11:40:23.372265,2026-6-23T11:40:22.000000,99.3,esp32-s3,8.8,2026-06-23T11:40:23.163320,0,3,29.3,54.5
6a3a0050260514f6dd969a3f,ECODOBEM-00000000101,95fdee2fb5990fc456ad9382bb9eb90272063025c840f24aeed6cf07aa3903f3,2026-06-23T11:41:04.148733,2026-6-23T11:41:02.000000,99.1,esp32-s3,8.7,2026-06-23T11:41:03.878873,0,3,29.3,52.8
6a3a0078260514f6dd969a41,ECODOBEM-00000000102,ca29bd97dd46bff17c26e50fe5521936078b5b9553ed73f9aa9a629313b5c4e1,2026-06-23T11:41:44.641504,2026-6-23T11:41:43.000000,98.4,esp32-s3,8.7,2026-06-23T11:41:44.345697,0,3,29.3,53
6a3a00a1260514f6dd969a43,ECODOBEM-00000000103,4a36c06bf8ba2981297b122fd9e8980327905bcfdeca9f6343dc98e96d5b896d,2026-06-23T11:42:25.092499,2026-6-23T11:42:23.000000,98.2,esp32-s3,8.7,2026-06-23T11:42:24.832738,0,3,29.4,52.6
6a3a00c9260514f6dd969a45,ECODOBEM-00000000104,b622fce24b56bd169253b6528f1bda65b6242d309680a75abc84711e5f0e5087,2026-06-23T11:43:05.542388,2026-6-23T11:43:04.000000,98.7,esp32-s3,8.7,2026-06-23T11:43:05.307699,0,3,29.4,54.2
6a3a00f2260514f6dd969a47,ECODOBEM-00000000105,c4c3f3151e79b948b22adcd91b82b4a01271ecce5e63ab173e2a5365d94a890c,2026-06-23T11:43:46.201996,2026-6-23T11:43:44.000000,97.1,esp32-s3,8.7,2026-06-23T11:43:45.930719,0,3,29.4,53.1
6a3a011a260514f6dd969a49,ECODOBEM-00000000106,5080f92486e5804c669921f251346f5221b94f4592cdcc8411a94ddbed1fd3b7,2026-06-23T11:44:26.647404,2026-6-23T11:44:25.000000,97.3,esp32-s3,8.6,2026-06-23T11:44:26.401232,0,3,29.4,53.5
6a3a0143260514f6dd969a4b,ECODOBEM-00000000107,ee8dcb43609cf1be643e9d8fb669b1512595af5b69b2d467dda01cd48ed5b0c5,2026-06-23T11:45:07.097230,2026-6-23T11:45:05.000000,98.2,esp32-s3,8.6,2026-06-23T11:45:06.816701,0,3,29.5,52.9
6a3a016b260514f6dd969a4d,ECODOBEM-00000000108,c8af059c1b067c28fe26be896472a47980d2705dd38baf42d2b1fa2f9b291e1d,2026-06-23T11:45:47.751670,2026-6-23T11:45:46.000000,98.9,esp32-s3,8.7,2026-06-23T11:45:47.452674,0,3,29.5,54.1
6a3a0194260514f6dd969a4f,ECODOBEM-00000000109,9ac9b92b1f5f345ad085d7f278bae8c0cf44bf03a38c982751051154aeb01630,2026-06-23T11:46:28.098682,2026-6-23T11:46:26.000000,99.5,esp32-s3,8.7,2026-06-23T11:46:27.786533,0,3,29.5,52.5
6a3a01bc260514f6dd969a51,ECODOBEM-00000000110,6ec0a48d231bb22647205ecc818f6b69db55f0951afda3b43d2f01f18ab3b016,2026-06-23T11:47:08.753009,2026-6-23T11:47:07.000000,97.7,esp32-s3,8.8,2026-06-23T11:47:08.452489,0,3,29.5,51.8
6a3a01e5260514f6dd969a53,ECODOBEM-00000000111,5f6a16f9f982f25af1e0fdec331dae0025fedb1df5ebee87aa2e8a41694e35b2,2026-06-23T11:47:49.202549,2026-6-23T11:47:47.000000,97.4,esp32-s3,8.7,2026-06-23T11:47:48.936436,0,3,29.6,52.6
6a3a020d260514f6dd969a55,ECODOBEM-00000000112,1600b91286c6cdfd7655c839587c75929edf410590a38268be4ecaf2bb49d424,2026-06-23T11:48:29.711557,2026-6-23T11:48:28.000000,97.9,esp32-s3,8.7,2026-06-23T11:48:29.489481,0,3,29.6,51.4
6a3a0236260514f6dd969a57,ECODOBEM-00000000113,286f7d085f1e20ab4afc809004922e4ddd25b1689151899a3ef767c0d8ade53b,2026-06-23T11:49:10.407629,2026-6-23T11:49:08.000000,98.8,esp32-s3,8.7,2026-06-23T11:49:10.142759,0,3,29.6,52.9
6a3a050d260514f6dd969a59,ECODOBEM-00000000117,0674a5e221464b55bb9c49d7f182fe35aa201ddba8d129fea251441aa9d6044e,2026-06-23T12:01:17.869874,2026-6-23T12:01:16.000000,82.7,esp32-s3,7.1,2026-06-23T12:01:17.625406,0,1,30.1,0
6a3a0547260514f6dd969a5b,ECODOBEM-00000000118,72f543306ee0dccc8c4b028b36657909704e2bb217d3aeceb9e9eef9a4227ea3,2026-06-23T12:02:15.846092,2026-6-23T12:02:14.000000,79.4,esp32-s3,7,2026-06-23T12:02:15.523035,0,1,30.1,0
6a3a0581260514f6dd969a5d,ECODOBEM-00000000119,87270cd9646de39e05f7f9d3cbfec4f048677b3d76717f23874e4cffc46d1328,2026-06-23T12:03:13.685028,2026-6-23T12:03:11.000000,71.2,esp32-s3,6.5,2026-06-23T12:03:13.427626,0,1,30.2,0
6a3a05bb260514f6dd969a5f,ECODOBEM-00000000120,ed7195f477e9c5704c21557bcb4b644766fe2b0c801710e45615f399b76af382,2026-06-23T12:04:11.541494,2026-6-23T12:04:09.000000,68.7,esp32-s3,6.4,2026-06-23T12:04:11.286007,0,3,30.2,0
6a3a05f5260514f6dd969a61,ECODOBEM-00000000121,b54eaf6bc7230a3ee7ffb64cbb6cdddc04cd251df52ed47bd56ad760b996ba8e,2026-06-23T12:05:09.604166,2026-6-23T12:05:07.000000,67.1,esp32-s3,6.5,2026-06-23T12:05:09.314651,0,1,30.2,0
6a3a062f260514f6dd969a63,ECODOBEM-00000000122,b71417db57eb39b47c8240799c7b280325bc3c30b4d1526815bca172478bc92a,2026-06-23T12:06:07.460258,2026-6-23T12:06:05.000000,67.3,esp32-s3,6.6,2026-06-23T12:06:07.165466,0,1,30.2,0
6a3a0669260514f6dd969a65,ECODOBEM-00000000123,7703cd63ff9897650715b2b29018782d4352fbc42748d7eb2da8276218f4a305,2026-06-23T12:07:05.421298,2026-6-23T12:07:03.000000,66.6,esp32-s3,6.7,2026-06-23T12:07:05.102890,0,1,30.3,0
6a3a06a3260514f6dd969a67,ECODOBEM-00000000124,23c500186e6df2bb39c66b38161e71db87184e76b19b0495bb1074fdc5a23daa,2026-06-23T12:08:03.276640,2026-6-23T12:08:01.000000,66.6,esp32-s3,6.7,2026-06-23T12:08:03.002926,0,1,30.3,0
6a3a06dd260514f6dd969a69,ECODOBEM-00000000125,1b8b7a1563d99001863989b3c904e0530ab2c0cf63d0b152fa445a7df591089c,2026-06-23T12:09:01.338418,2026-6-23T12:08:59.000000,66.3,esp32-s3,6.7,2026-06-23T12:09:01.068436,0,1,30.3,0
6a3a0717260514f6dd969a6b,ECODOBEM-00000000126,586d5f00039ffe761d54dfb41f13f3c8f4add19101acfe072e15cb89eeb7312e,2026-06-23T12:09:59.092568,2026-6-23T12:09:57.000000,64.2,esp32-s3,6.6,2026-06-23T12:09:58.797805,0,1,30.3,0
6a3a0751260514f6dd969a6d,ECODOBEM-00000000127,af19acf7d19306ea17f5051e7c09acdd7bb0667b8225f2be549381adb358471c,2026-06-23T12:10:57.051112,2026-6-23T12:10:55.000000,64.6,esp32-s3,6.6,2026-06-23T12:10:56.741042,0,1,30.4,0
6a3a078b260514f6dd969a6f,ECODOBEM-00000000128,504aaac8c8a86d39d8158a533f3b9d2c26b3037bb0400bebf77534204351810e,2026-06-23T12:11:54.908611,2026-6-23T12:11:53.000000,66.4,esp32-s3,6.6,2026-06-23T12:11:54.630247,0,1,30.4,0
6a3a07c4260514f6dd969a71,ECODOBEM-00000000129,91eba53926074a7d677c9210eb6c2f938f83b570afd30dc0ec3ce32c29f82384,2026-06-23T12:12:52.765397,2026-6-23T12:12:51.000000,66.7,esp32-s3,6.7,2026-06-23T12:12:52.514877,0,1,30.4,0
6a3a07fe260514f6dd969a73,ECODOBEM-00000000130,e822e13f60e33980d324e313e3f37e80614c34c1f7887cc35d99dae8b9dd634a,2026-06-23T12:13:50.724821,2026-6-23T12:13:49.000000,67.5,esp32-s3,6.7,2026-06-23T12:13:50.444689,0,1,30.4,0
6a3a0838260514f6dd969a75,ECODOBEM-00000000131,68135a424dbc2e8e551d2496cfed74c87c07188227c97c09ee3c85fcf173ce9b,2026-06-23T12:14:48.821547,2026-6-23T12:14:46.000000,68.4,esp32-s3,6.8,2026-06-23T12:14:48.475954,0,1,30.4,0
6a3a0872260514f6dd969a77,ECODOBEM-00000000132,bc11635b2c20a883ce1670abacc187578e9bfc14f16587bca2eb70ca8d83b2bb,2026-06-23T12:15:46.642794,2026-6-23T12:15:44.000000,69,esp32-s3,6.9,2026-06-23T12:15:46.351548,0,1,30.4,0
6a3a08ac260514f6dd969a79,ECODOBEM-00000000133,5c4e31c884b0f7162e614c285a9f72e0bd410e31debeb7f5841241d8b7947466,2026-06-23T12:16:44.704652,2026-6-23T12:16:42.000000,69.3,esp32-s3,6.9,2026-06-23T12:16:44.383724,0,1,30.4,0
6a3a08e6260514f6dd969a7b,ECODOBEM-00000000134,cade6de8817b4176956541ae0b4f261109a15158f67fd104d7dbfc2d605f7a86,2026-06-23T12:17:42.574431,2026-6-23T12:17:40.000000,70.5,esp32-s3,6.9,2026-06-23T12:17:42.237209,0,1,30.4,0
6a3a0920260514f6dd969a7d,ECODOBEM-00000000135,943cf61c1b13ffc78d5ffb11732adf8d06dbcb1b013d585111723e1d558980ad,2026-06-23T12:18:40.421048,2026-6-23T12:18:38.000000,72,esp32-s3,6.9,2026-06-23T12:18:40.192354,0,1,30.4,0
6a3a095a260514f6dd969a7f,ECODOBEM-00000000136,756693a9d2ad30ccdfff8462ef9673a105a0499edb8f2ce46acab7bf29a4730b,2026-06-23T12:19:38.275782,2026-6-23T12:19:36.000000,73.7,esp32-s3,6.9,2026-06-23T12:19:38.043800,0,1,30.4,0
6a3a0994260514f6dd969a81,ECODOBEM-00000000137,a0404ad04cf8885dae19311b2ebceb810999588de72fe0d52f49e79641b89ae8,2026-06-23T12:20:36.234858,2026-6-23T12:20:34.000000,76,esp32-s3,7,2026-06-23T12:20:35.991755,0,1,30.4,0
6a3a09ce260514f6dd969a83,ECODOBEM-00000000138,6f19cbf733939a74cf7cc2e54c0cd3cf6c6d8cb78cf08be3d49add08f5ba1a74,2026-06-23T12:21:34.209707,2026-6-23T12:21:32.000000,92.8,esp32-s3,7,2026-06-23T12:21:33.933931,0,1,30.4,0
6a3a0a08260514f6dd969a85,ECODOBEM-00000000139,7b2afd6ad6ef2f341570f904942f9989d2d48e728c681a9962d2bf9ae42b8a21,2026-06-23T12:22:32.153740,2026-6-23T12:22:30.000000,90.7,esp32-s3,7.1,2026-06-23T12:22:31.914830,0,1,30.4,0
6a3a0a42260514f6dd969a87,ECODOBEM-00000000140,fecffd186f8905d63bb0b0f7c51bebce0b4ef45394984771a77e8ac5ec2f4588,2026-06-23T12:23:30.215297,2026-6-23T12:23:28.000000,89.6,esp32-s3,7.1,2026-06-23T12:23:29.906545,0,1,30.4,0
6a3a0a7b260514f6dd969a89,ECODOBEM-00000000141,502c4c3d68d19ccad162279944f08e1cbd6e169c6e2dcb39bddad783afd3589e,2026-06-23T12:24:27.869419,2026-6-23T12:24:26.000000,89.4,esp32-s3,7.1,2026-06-23T12:24:27.620742,0,1,30.4,0
6a3a0ab6260514f6dd969a8b,ECODOBEM-00000000142,beb8f504130fd2f5e90796dcfebf5a8f46e60a8c3590201146ff0fce067acde6,2026-06-23T12:25:25.930409,2026-6-23T12:25:24.000000,88.1,esp32-s3,7.1,2026-06-23T12:25:25.658785,0,1,30.5,0
6a3a0af0260514f6dd969a8d,ECODOBEM-00000000143,f745e43e63f6fc32c1bc2a0955a9b9e8d3fce92c61931453a63fcea1f19a4825,2026-06-23T12:26:23.911511,2026-6-23T12:26:22.000000,86.8,esp32-s3,7.2,2026-06-23T12:26:23.670637,0,1,30.5,0
6a3a0b29260514f6dd969a8f,ECODOBEM-00000000144,49a67503dd98729b15def24a6d9c54f1c242bea10d2060841533b8e1043d82d5,2026-06-23T12:27:21.848974,2026-6-23T12:27:20.000000,85.4,esp32-s3,7.2,2026-06-23T12:27:21.604463,0,1,30.5,0
6a3a0b63260514f6dd969a91,ECODOBEM-00000000145,7bda43c881db0e3f8fc90f90152c256d9fd2dd7659e7a2db35ec6134a9941c0d,2026-06-23T12:28:19.808066,2026-6-23T12:28:18.000000,84,esp32-s3,7.2,2026-06-23T12:28:19.571745,0,1,30.5,0
6a3a0b9d260514f6dd969a93,ECODOBEM-00000000146,5acacbc44431240b4097490813aaef40e225d23b2f043947834b72557c6c698d,2026-06-23T12:29:17.767001,2026-6-23T12:29:16.000000,84.3,esp32-s3,7.2,2026-06-23T12:29:17.531924,0,1,30.5,0
6a3a0bd7260514f6dd969a95,ECODOBEM-00000000147,88ebaca4aa2e2e745cb8e74b0c857ecce5fe3bd0348cc0e21100ad7eeaa2a674,2026-06-23T12:30:15.726500,2026-6-23T12:30:14.000000,82.8,esp32-s3,7.2,2026-06-23T12:30:15.458998,0,1,30.5,0
6a3a0c11260514f6dd969a97,ECODOBEM-00000000148,96959ad9ff6921288ddd1b5a90190db091955a1a31a0b43dd1c72c833954d1e0,2026-06-23T12:31:13.699315,2026-6-23T12:31:12.000000,1356.2,esp32-s3,4.5,2026-06-23T12:31:13.368875,1,5,30.2,0
6a3a0c4b260514f6dd969a99,ECODOBEM-00000000149,5d9a59516930f34cecad80eec40a2e5033b18e486020681f2830c62e8bb064e3,2026-06-23T12:32:11.530570,2026-6-23T12:32:09.000000,1353.1,esp32-s3,4.4,2026-06-23T12:32:11.296064,1,5,30.2,69.2
6a3a0c85260514f6dd969a9b,ECODOBEM-00000000150,20f27dab98968e21aa3bd84b7e2b7170ef2fb75708455412d7fd635444fda25a,2026-06-23T12:33:09.489045,2026-6-23T12:33:07.000000,1351.8,esp32-s3,4.3,2026-06-23T12:33:09.252383,1,5,30.3,290.4
6a3a0cbf260514f6dd969a9d,ECODOBEM-00000000151,2e81d7a1dac0a006dacfabe384040fa41b11f580c4988f3f363b034c3bdcca18,2026-06-23T12:34:07.642773,2026-6-23T12:34:05.000000,1347.7,esp32-s3,4.3,2026-06-23T12:34:07.409406,1,5,30.4,162.8
6a3a0cf9260514f6dd969a9f,ECODOBEM-00000000152,cbfbbb4ae352f05665e53a87f3870533782091fcce4cc30f9773178d050f945f,2026-06-23T12:35:05.574476,2026-6-23T12:35:03.000000,1333.7,esp32-s3,4.1,2026-06-23T12:35:05.352407,1,5,30.4,107.2
6a3a0d33260514f6dd969aa1,ECODOBEM-00000000153,b520a34c2f5470e90726be4087570ca625ddaa8d88cf251bf088d0e4357d258a,2026-06-23T12:36:03.551118,2026-6-23T12:36:01.000000,1322,esp32-s3,4,2026-06-23T12:36:03.277925,1,5,30.5,74.3
6a3a0d6d260514f6dd969aa3,ECODOBEM-00000000154,3906d248001183c66bfed291d59bd34c4c60b6fe5bae52215865b32840e734c9,2026-06-23T12:37:01.485946,2026-6-23T12:36:59.000000,1322.2,esp32-s3,4.1,2026-06-23T12:37:01.261168,1,5,30.6,57.1
6a3a0da7260514f6dd969aa5,ECODOBEM-00000000155,7fd594533af35a7845cfa85bb696fb8736efe8ca36ed747c0208cbc2e5e3eb32,2026-06-23T12:37:59.461337,2026-6-23T12:37:57.000000,1322.6,esp32-s3,4.1,2026-06-23T12:37:59.193686,1,5,30.6,38.3
6a3a0de2260514f6dd969aa7,ECODOBEM-00000000156,726ba12a2045fd85eeb9a66334a93452ba9bbbbb2259010a2e430231334d9ba3,2026-06-23T12:38:58.236340,2026-6-23T12:38:56.000000,1318.6,esp32-s3,4.1,2026-06-23T12:38:57.977353,1,5,30.7,49.2
6a3a0e1c260514f6dd969aa9,ECODOBEM-00000000157,c51c652bd4c5aba72754c800becd053c434ac7988885685d14e5c6bde0d2efbb,2026-06-23T12:39:56.192484,2026-6-23T12:39:54.000000,1317.9,esp32-s3,4.1,2026-06-23T12:39:55.889628,1,5,30.7,51.4
6a3a0e55260514f6dd969aab,ECODOBEM-00000000158,9b27b327b67df102ea779cbc4fd338e051305294752705b7e53714139ab0454b,2026-06-23T12:40:53.792296,2026-6-23T12:40:52.000000,1316.5,esp32-s3,4.1,2026-06-23T12:40:53.581999,1,5,30.8,50.3
6a3a0e8f260514f6dd969aad,ECODOBEM-00000000159,d4140d7f42c14c5f2a6dd2cf939e7730b19c0180cf7c70d1ff7c9061f927fed7,2026-06-23T12:41:51.602455,2026-6-23T12:41:50.000000,1319.3,esp32-s3,4.2,2026-06-23T12:41:51.388260,1,5,30.8,59.7
6a3a0ec9260514f6dd969aaf,ECODOBEM-00000000160,a093ac5e637cd2e0dc913ac8204bcbe71a40cd3be741a0e69e1ac0ea6228fec3,2026-06-23T12:42:49.447440,2026-6-23T12:42:47.000000,1317.7,esp32-s3,4.2,2026-06-23T12:42:49.125609,1,5,30.8,53.4
6a3a0f03260514f6dd969ab1,ECODOBEM-00000000161,15276f81a722b1b43e89a22758de6085c596f14e893761bc0fc779d3d11b59d7,2026-06-23T12:43:47.301524,2026-6-23T12:43:45.000000,1316.8,esp32-s3,4.2,2026-06-23T12:43:47.004575,1,5,30.8,66.8
6a3a0f3d260514f6dd969ab3,ECODOBEM-00000000162,ad642479476c25935115256c649dc193e9828719167fc4ca21454471f9943db6,2026-06-23T12:44:45.053450,2026-6-23T12:44:43.000000,1317.3,esp32-s3,4.2,2026-06-23T12:44:44.782684,1,5,30.9,65.8
6a3a0f77260514f6dd969ab5,ECODOBEM-00000000163,a1423364fb459d998ea0ddfe1ff7a6c2d37298db0b76287f7d1fcc6c5342a7dc,2026-06-23T12:45:42.911993,2026-6-23T12:45:41.000000,1319.3,esp32-s3,4.3,2026-06-23T12:45:42.669985,1,5,30.9,63.3
6a3a0fb0260514f6dd969ab7,ECODOBEM-00000000164,3a9b30df4a26c91320ff98b2d73626adf1b84bba5181ac537c024e643d0a05ab,2026-06-23T12:46:40.629969,2026-6-23T12:46:39.000000,1318.6,esp32-s3,4.3,2026-06-23T12:46:40.419047,1,5,30.9,73.1
6a3a0fea260514f6dd969ab9,ECODOBEM-00000000165,0e0261c4166d6b77dd3745bbbfb7b3a7145fc25f97623ed8a4dfbe5be0913bbd,2026-06-23T12:47:38.617876,2026-6-23T12:47:36.000000,1319.2,esp32-s3,4.3,2026-06-23T12:47:38.326302,1,5,30.9,73.9
6a3a1024260514f6dd969abb,ECODOBEM-00000000166,4061cee42fdf4f7b289b31a0c8f5b7847ef813f3c6bc54a8b49b3c87a6b93e8b,2026-06-23T12:48:36.371503,2026-6-23T12:48:34.000000,1329,esp32-s3,4.4,2026-06-23T12:48:36.065143,1,5,31,61.5
6a3a105e260514f6dd969abd,ECODOBEM-00000000167,1e98e323d374d4e8b1280a9cc7b8c7eb047534a11042cefaa88f4b43efd992e8,2026-06-23T12:49:34.124030,2026-6-23T12:49:32.000000,1326.3,esp32-s3,4.4,2026-06-23T12:49:33.894027,1,5,31,50.3
6a3a1098260514f6dd969abf,ECODOBEM-00000000168,888ad7c9a981bc0301c05e4a735fb669620c920fce199b65986bebe0a64ec5b2,2026-06-23T12:50:31.984577,2026-6-23T12:50:30.000000,1330,esp32-s3,4.5,2026-06-23T12:50:31.651180,1,5,31,56.4
6a3a10d1260514f6dd969ac1,ECODOBEM-00000000169,6bfbb3a1b0c3ce4f83822b31fd0ddf1a257061cf134406a4d53cbd674e16e324,2026-06-23T12:51:29.855015,2026-6-23T12:51:28.000000,1331.3,esp32-s3,4.6,2026-06-23T12:51:29.541412,1,5,31,41.4
6a3a110b260514f6dd969ac3,ECODOBEM-00000000170,ee42756a4dd5c8afd201743833fa63d8b3a7de8fc90d41c95cb1649421d800b3,2026-06-23T12:52:27.604436,2026-6-23T12:52:25.000000,1333.5,esp32-s3,4.6,2026-06-23T12:52:27.267787,1,5,31.1,37.2
6a3a1145260514f6dd969ac5,ECODOBEM-00000000171,0ae3b10bc497df45f8d7c45fe899138608edb0d1be85b602b4a32bd64a05cc55,2026-06-23T12:53:25.543814,2026-6-23T12:53:23.000000,1330.9,esp32-s3,4.6,2026-06-23T12:53:25.286725,1,5,31.1,28.8
6a3a117f260514f6dd969ac7,ECODOBEM-00000000172,4383433c9bf8aa102751268b0b2b5148af7b8ef814f5c88070ee15ee44f39324,2026-06-23T12:54:23.211885,2026-6-23T12:54:21.000000,1328.2,esp32-s3,4.5,2026-06-23T12:54:22.940811,1,5,31.1,36.4
6a3a11b9260514f6dd969ac9,ECODOBEM-00000000173,ec44d61a2621a159c953bef630054b22f2c438456d43d9c2b73ef63afddae165,2026-06-23T12:55:21.172653,2026-6-23T12:55:19.000000,1325.8,esp32-s3,4.5,2026-06-23T12:55:20.836649,1,5,31.1,37.9
6a3a11f3260514f6dd969acb,ECODOBEM-00000000174,f22bb484427c8f3e81e449855e05dedb02532429fa1a3492e228f1d86b5b5b6a,2026-06-23T12:56:18.916533,2026-6-23T12:56:17.000000,1324.8,esp32-s3,4.5,2026-06-23T12:56:18.654139,1,5,31.1,31.7
6a3a122c260514f6dd969acd,ECODOBEM-00000000175,f15eacbf9df29d4c422bffd6b3a143fa087559bd55481821e0ada4477ea835e3,2026-06-23T12:57:16.760643,2026-6-23T12:57:15.000000,1323.6,esp32-s3,4.5,2026-06-23T12:57:16.514034,1,5,31.1,32
