_id,batch_id,blockchain_hash,blockchain_time,created_at,dataset_1.predictions.class.Random Forest,dataset_1.predictions.class.XGBoost,dataset_1.predictions.class.SVM,dataset_1.predictions.class.KNN,dataset_1.predictions.class.MLP (Shallow),dataset_1.predictions.class.DNN (Deep),dataset_1.predictions.anomaly.Random Forest,dataset_1.predictions.anomaly.XGBoost,dataset_1.predictions.anomaly.SVM,dataset_1.predictions.anomaly.KNN,dataset_1.predictions.anomaly.MLP (Shallow),dataset_1.predictions.anomaly.DNN (Deep),dataset_2.predictions.class.Random Forest,dataset_2.predictions.class.XGBoost,dataset_2.predictions.class.SVM,dataset_2.predictions.class.KNN,dataset_2.predictions.class.MLP (Shallow),dataset_2.predictions.class.DNN (Deep),dataset_2.predictions.anomaly.Random Forest,dataset_2.predictions.anomaly.XGBoost,dataset_2.predictions.anomaly.SVM,dataset_2.predictions.anomaly.KNN,dataset_2.predictions.anomaly.MLP (Shallow),dataset_2.predictions.anomaly.DNN (Deep),measurements.batch,measurements.cond,measurements.ph,measurements.turb,measurements.temp,measurements.collected_time,measurements.device,predicted_time,real_anomaly,real_class
6a0d6018c7fdd1c8900f8995,ECODOBEM-00000020099,9ff24d348307ff948da14b7225960f33ed5b3b2e17e8dae06c0365b99f303f32,2026-05-20T03:17:44.128618,2026-05-20 15:17:44,1,1,1,1,1,1,Normal,Normal,Normal,Normal,Normal,Normal,1,1,1,1,1,1,Normal,Normal,Normal,Normal,Normal,Normal,ECODOBEM-00000020099,167.4,6.8,0.2,29.9,2026-5-20T15:17:42.000000,esp32-s3,2026-05-20T03:17:44.128618,0,1
6a0d60b9c7fdd1c8900f8996,ECODOBEM-00000020100,6f7031c205323c7af1ca4673bc7ea54842e38436b42624c67b7093f52925b8dc,2026-05-20T03:20:24.598280,2026-05-20 15:20:24,1,1,1,1,1,1,Normal,Normal,Normal,Normal,Normal,Normal,1,1,1,1,1,1,Normal,Normal,Normal,Normal,Normal,Normal,ECODOBEM-00000020100,167.2,6.8,0.2,29.9,2026-5-20T15:20:22.000000,esp32-s3,2026-05-20T03:20:24.598280,0,1
6a0d610dc7fdd1c8900f8997,ECODOBEM-00000020101,4dda7e4a3f84d05297b9d4b5aece163391d5b625c5e4bbc87d98fcf76076a333,2026-05-20T03:21:48.816353,2026-05-20 15:21:49,1,1,1,1,1,1,Normal,Normal,Normal,Normal,Normal,Normal,1,1,1,1,1,1,Normal,Normal,Normal,Normal,Normal,Normal,ECODOBEM-00000020101,167.3,6.9,0.2,29.9,2026-5-20T15:21:46.000000,esp32-s3,2026-05-20T03:21:48.816353,0,1
6a0d6161c7fdd1c8900f8998,ECODOBEM-00000020102,777db845f88dc4d1e54eea4af216b763edb4bb84c844aa711b3dbb1070721a03,2026-05-20T03:23:13.130045,2026-05-20 15:23:13,1,1,1,1,2,2,Normal,Normal,Normal,Normal,Normal,Normal,2,2,2,2,2,2,Normal,Normal,Normal,Normal,Normal,Normal,ECODOBEM-00000020102,167.4,6.9,0.2,29.9,2026-5-20T15:23:10.000000,esp32-s3,2026-05-20T03:23:13.130045,0,1
6a0d61b5c7fdd1c8900f8999,ECODOBEM-00000020103,a1ff9b95a952b3910b9dbf5ccd5201968593ab603033e29f164198ebd49dc21e,2026-05-20T03:24:37.154055,2026-05-20 15:24:37,1,1,1,1,1,1,Normal,Normal,Normal,Normal,Normal,Normal,1,1,1,1,2,2,Normal,Normal,Normal,Normal,Normal,Normal,ECODOBEM-00000020103,167.4,6.9,0.2,29.9,2026-5-20T15:24:34.000000,esp32-s3,2026-05-20T03:24:37.154055,0,1
6a0d6209c7fdd1c8900f899a,ECODOBEM-00000020104,dffc6c5a420cb3223fc25feee4da7840b557a86b6a9a9047984014d8f3341636,2026-05-20T03:26:01.256824,2026-05-20 15:26:01,1,1,1,1,1,1,Normal,Normal,Normal,Normal,Normal,Normal,2,2,1,1,1,1,Normal,Normal,Normal,Normal,Normal,Normal,ECODOBEM-00000020104,167.4,6.9,0.2,29.9,2026-5-20T15:25:59.000000,esp32-s3,2026-05-20T03:26:01.256824,0,1
6a0d625dc7fdd1c8900f899b,ECODOBEM-00000020105,28a35164982e48c3bd6301c13fe4b93b03f78f2c8f36347357029c697bca7e5a,2026-05-20T03:27:25.418752,2026-05-20 15:27:25,1,1,1,1,1,1,Normal,Normal,Normal,Normal,Normal,Normal,2,1,1,1,2,1,Normal,Normal,Normal,Normal,Normal,Normal,ECODOBEM-00000020105,167.2,6.9,0.2,29.9,2026-5-20T15:27:23.000000,esp32-s3,2026-05-20T03:27:25.418752,0,1
6a0d62b2c7fdd1c8900f899c,ECODOBEM-00000020106,37ef636e1d5aafc25aa4e0607d71bdd31e2f1e2ba2b37a29d39d37908e85e3c6,2026-05-20T03:28:49.768837,2026-05-20 15:28:50,1,1,1,1,1,1,Normal,Normal,Normal,Normal,Normal,Normal,1,1,1,1,1,1,Normal,Normal,Normal,Normal,Normal,Normal,ECODOBEM-00000020106,167.3,7.0,0.2,29.9,2026-5-20T15:28:47.000000,esp32-s3,2026-05-20T03:28:49.768837,0,1
6a0d6306c7fdd1c8900f899d,ECODOBEM-00000020107,d5ac8dea92a731f82158398c325ce88418b8ec33e9c44bea16ac7300cf4f19a0,2026-05-20T03:30:14.043051,2026-05-20 15:30:14,2,1,1,1,1,1,Normal,Normal,Normal,Normal,Normal,Normal,1,1,1,1,1,1,Normal,Normal,Normal,Normal,Normal,Normal,ECODOBEM-00000020107,167.3,7.0,0.2,29.9,2026-5-20T15:30:11.000000,esp32-s3,2026-05-20T03:30:14.043051,0,1
6a0d635ac7fdd1c8900f899e,ECODOBEM-00000020108,d94b15d85824bbcf849f5a63626906af94f3dba724377b9c2b3af4f2e262a52d,2026-05-20T03:31:38.029712,2026-05-20 15:31:38,1,1,1,1,1,1,Normal,Normal,Normal,Normal,Normal,Normal,1,1,1,1,1,1,Normal,Normal,Normal,Normal,Normal,Normal,ECODOBEM-00000020108,167.2,7.0,0.2,29.8,2026-5-20T15:31:35.000000,esp32-s3,2026-05-20T03:31:38.029712,0,1
6a0d63aec7fdd1c8900f899f,ECODOBEM-00000020109,0cee5d1766f85de86b09484e58cdb5c71d26531d4a4ae743f8d463d7ed7baf79,2026-05-20T03:33:02.405857,2026-05-20 15:33:02,1,1,1,1,1,1,Normal,Normal,Normal,Normal,Normal,Normal,1,1,1,1,1,1,Normal,Normal,Normal,Normal,Normal,Normal,ECODOBEM-00000020109,167.5,7.0,0.2,29.8,2026-5-20T15:33:00.000000,esp32-s3,2026-05-20T03:33:02.405857,0,1
6a0d6402c7fdd1c8900f89a0,ECODOBEM-00000020110,e6669f62cb9197abdc93433128600856e8312fe1f8da75bc31709da633484943,2026-05-20T03:34:26.420122,2026-05-20 15:34:26,1,1,1,1,1,1,Normal,Normal,Normal,Normal,Normal,Normal,1,1,1,1,1,1,Normal,Normal,Normal,Normal,Normal,Normal,ECODOBEM-00000020110,167.4,7.0,0.2,29.8,2026-5-20T15:34:24.000000,esp32-s3,2026-05-20T03:34:26.420122,0,1
6a0d6459c7fdd1c8900f89a1,ECODOBEM-00000020111,dcc4956b79cbd8c1e13d875309dd12a3196eba17c5f394587e06ce8a29738c07,2026-05-20T03:35:52.812456,2026-05-20 15:35:53,1,1,1,1,1,1,Normal,Normal,Normal,Normal,Normal,Normal,1,1,1,1,1,1,Normal,Normal,Normal,Normal,Normal,Normal,ECODOBEM-00000020111,166.8,7.0,0.2,29.8,2026-5-20T15:35:48.000000,esp32-s3,2026-05-20T03:35:52.812456,0,1
6a0d64abc7fdd1c8900f89a2,ECODOBEM-00000020112,47a79a5597576738134b22ac3683e5d6311d6606adfaec5f9e8e2d9a572134e5,2026-05-20T03:37:14.886958,2026-05-20 15:37:15,1,1,1,1,1,1,Normal,Normal,Normal,Normal,Normal,Normal,1,1,1,1,1,1,Normal,Normal,Normal,Normal,Normal,Normal,ECODOBEM-00000020112,167.4,7.0,0.2,29.8,2026-5-20T15:37:12.000000,esp32-s3,2026-05-20T03:37:14.886958,0,1
6a0d6501c7fdd1c8900f89a3,ECODOBEM-00000020113,b7b1a179e2038091d3027b9da52fe7d6445d8b2c71d38e4e72f7f0250163d148,2026-05-20T03:38:41.296614,2026-05-20 15:38:41,1,1,1,1,1,1,Normal,Normal,Normal,Normal,Normal,Normal,1,1,1,1,1,1,Normal,Normal,Normal,Normal,Normal,Normal,ECODOBEM-00000020113,167.5,7.0,0.2,29.8,2026-5-20T15:38:36.000000,esp32-s3,2026-05-20T03:38:41.296614,0,1
6a0d6553c7fdd1c8900f89a4,ECODOBEM-00000020114,711bc271a6fa4c16c958e399f8e8c8407d65844c0d59ab1dd36d135fb4a3dedb,2026-05-20T03:40:03.278806,2026-05-20 15:40:03,1,1,1,1,1,1,Normal,Normal,Normal,Normal,Normal,Normal,1,1,1,1,1,1,Normal,Normal,Normal,Normal,Normal,Normal,ECODOBEM-00000020114,167.3,7.1,0.2,29.8,2026-5-20T15:40:00.000000,esp32-s3,2026-05-20T03:40:03.278806,0,1
6a0d65a7c7fdd1c8900f89a5,ECODOBEM-00000020115,98132faf70f67f0fa995764a63608f0a0d92d7e0eb05ae6e03ef186f9f83fb86,2026-05-20T03:41:27.454390,2026-05-20 15:41:27,1,1,1,1,1,1,Normal,Normal,Normal,Normal,Normal,Normal,1,1,1,1,1,1,Normal,Normal,Normal,Normal,Normal,Normal,ECODOBEM-00000020115,167.4,7.1,0.2,29.8,2026-5-20T15:41:25.000000,esp32-s3,2026-05-20T03:41:27.454390,0,1
6a0d65fcc7fdd1c8900f89a6,ECODOBEM-00000020116,59cd6e0e3037a8de2faeffef38aad216153da86b13a39403593a2e43bfe0e1a5,2026-05-20T03:42:52.202860,2026-05-20 15:42:52,1,1,1,1,1,1,Normal,Normal,Normal,Normal,Normal,Normal,1,1,1,1,1,1,Normal,Normal,Normal,Normal,Normal,Normal,ECODOBEM-00000020116,167.6,7.1,0.2,29.8,2026-5-20T15:42:49.000000,esp32-s3,2026-05-20T03:42:52.202860,0,1
6a0d6650c7fdd1c8900f89a7,ECODOBEM-00000020117,7e2caef7feb30f77546132ae31b0b7277e567d09e9dc5d6e114b8cb5d0002c02,2026-05-20T03:44:16.321715,2026-05-20 15:44:16,1,1,1,1,1,1,Normal,Normal,Normal,Normal,Normal,Normal,1,1,1,1,1,1,Normal,Normal,Normal,Normal,Normal,Normal,ECODOBEM-00000020117,167.4,7.1,0.2,29.8,2026-5-20T15:44:13.000000,esp32-s3,2026-05-20T03:44:16.321715,0,1
6a0d66a4c7fdd1c8900f89a8,ECODOBEM-00000020118,69df2e2d4ca719a25f56b0d5cfd3ec453332cf76644592db61442ac57b9dbab7,2026-05-20T03:45:40.011066,2026-05-20 15:45:40,1,1,1,1,1,1,Normal,Normal,Normal,Normal,Normal,Normal,1,1,1,1,1,1,Normal,Normal,Normal,Normal,Normal,Normal,ECODOBEM-00000020118,167.4,7.1,0.2,29.8,2026-5-20T15:45:37.000000,esp32-s3,2026-05-20T03:45:40.011066,0,1
6a0d66f8c7fdd1c8900f89a9,ECODOBEM-00000020119,1cfd7e72ae2d3f8b41463a3823b0918d4ee5c52d4607a8b327b540c188a440ec,2026-05-20T03:47:04.283440,2026-05-20 15:47:04,1,1,1,1,1,1,Normal,Normal,Normal,Normal,Normal,Normal,1,1,1,1,1,1,Normal,Normal,Normal,Normal,Normal,Normal,ECODOBEM-00000020119,167.2,7.1,0.2,29.8,2026-5-20T15:47:02.000000,esp32-s3,2026-05-20T03:47:04.283440,0,1
6a0d674cc7fdd1c8900f89aa,ECODOBEM-00000020120,bd961098f786f0f5cefe68aa68492e3f9cdae8c9a289bd44487df23591541624,2026-05-20T03:48:28.447485,2026-05-20 15:48:28,1,1,1,1,1,1,Normal,Normal,Normal,Normal,Normal,Normal,1,1,1,1,1,1,Normal,Normal,Normal,Normal,Normal,Normal,ECODOBEM-00000020120,166.9,7.1,0.2,29.8,2026-5-20T15:48:26.000000,esp32-s3,2026-05-20T03:48:28.447485,0,1
6a0d67a3c7fdd1c8900f89ab,ECODOBEM-00000020121,28d7ec6c61682b7d26698c71732ec4570b8d50f4ce2c6f6bc7b92f3303521869,2026-05-20T03:49:54.772924,2026-05-20 15:49:55,1,1,1,1,1,1,Normal,Normal,Normal,Normal,Normal,Normal,1,1,1,1,1,1,Normal,Normal,Normal,Normal,Normal,Normal,ECODOBEM-00000020121,167.3,7.1,0.2,29.8,2026-5-20T15:49:50.000000,esp32-s3,2026-05-20T03:49:54.772924,0,1
6a0d67f5c7fdd1c8900f89ac,ECODOBEM-00000020122,2996a9d85399a9d2791804dfa2ae34f1655f7488ebef9b2185ce8d83a5dd61e0,2026-05-20T03:51:16.766464,2026-05-20 15:51:17,1,1,1,1,1,1,Normal,Normal,Normal,Normal,Normal,Normal,1,1,1,1,1,1,Normal,Normal,Normal,Normal,Normal,Normal,ECODOBEM-00000020122,167.1,7.1,0.2,29.8,2026-5-20T15:51:14.000000,esp32-s3,2026-05-20T03:51:16.766464,0,1
6a0d6849c7fdd1c8900f89ad,ECODOBEM-00000020123,fca8e83dfc0fec5310cb3ee445c76796aa3b66631d6da93e9b1019bf1fc6706d,2026-05-20T03:52:41.063133,2026-05-20 15:52:41,1,1,1,1,1,1,Normal,Normal,Normal,Normal,Normal,Normal,1,1,1,1,1,1,Normal,Normal,Normal,Normal,Normal,Normal,ECODOBEM-00000020123,167.4,7.1,0.2,29.8,2026-5-20T15:52:38.000000,esp32-s3,2026-05-20T03:52:41.063133,0,1
6a0d69c0c7fdd1c8900f89ae,ECODOBEM-00000020125,74755b1c3909afebf824b51c0965d9f51cbeda3636f338dbb48aedbb9337a2f8,2026-05-20T03:58:56.396804,2026-05-20 15:58:56,5,5,5,5,5,5,Anomaly,Anomaly,Anomaly,Anomaly,Anomaly,Anomaly,5,5,5,4,5,5,Anomaly,Anomaly,Anomaly,Anomaly,Normal,Anomaly,ECODOBEM-00000020125,1424.8,5.2,394.9,29.4,2026-5-20T15:58:54.000000,esp32-s3,2026-05-20T03:58:56.396804,1,5
6a0d6a15c7fdd1c8900f89af,ECODOBEM-00000020126,1d363da51e2975361ce8c88ea66a5d0933ab1890ff58b99ee6c3de0bf2946071,2026-05-20T04:00:20.697711,2026-05-20 16:00:21,5,5,5,5,5,5,Anomaly,Anomaly,Anomaly,Anomaly,Anomaly,Anomaly,5,5,5,4,5,5,Anomaly,Anomaly,Anomaly,Anomaly,Normal,Anomaly,ECODOBEM-00000020126,1479.9,5.2,279.9,29.4,2026-5-20T16:00:18.000000,esp32-s3,2026-05-20T04:00:20.697711,1,5
6a0d6a6bc7fdd1c8900f89b0,ECODOBEM-00000020127,c2fcdba72412cfd0f75f1d7fbb9aabe688cfbb6922719bc85c6434c3921f8148,2026-05-20T04:01:46.567678,2026-05-20 16:01:47,4,4,5,5,5,5,Normal,Anomaly,Anomaly,Normal,Anomaly,Anomaly,5,5,5,4,5,5,Anomaly,Anomaly,Anomaly,Anomaly,Normal,Anomaly,ECODOBEM-00000020127,1521.1,5.2,242.3,29.3,2026-5-20T16:01:43.000000,esp32-s3,2026-05-20T04:01:46.567678,1,5
6a0d6abec7fdd1c8900f89b1,ECODOBEM-00000020128,5a9010aef93a56bad031f877db1bdfbea887648db9e4e78367d18d8679fc5b66,2026-05-20T04:03:09.886297,2026-05-20 16:03:10,4,4,5,5,5,5,Normal,Anomaly,Anomaly,Normal,Anomaly,Anomaly,5,5,5,4,5,5,Anomaly,Anomaly,Anomaly,Anomaly,Normal,Anomaly,ECODOBEM-00000020128,1561.0,5.2,223.1,29.1,2026-5-20T16:03:07.000000,esp32-s3,2026-05-20T04:03:09.886297,1,5
6a0d6b11c7fdd1c8900f89b2,ECODOBEM-00000020129,a677049f977e0e0eed446dcd282cac832c54985bd3cbcc64fc3f93428a16c755,2026-05-20T04:04:33.287985,2026-05-20 16:04:33,4,4,5,5,5,5,Normal,Anomaly,Anomaly,Normal,Anomaly,Anomaly,5,5,5,4,5,5,Anomaly,Anomaly,Anomaly,Anomaly,Normal,Anomaly,ECODOBEM-00000020129,1584.5,5.2,218.4,28.9,2026-5-20T16:04:31.000000,esp32-s3,2026-05-20T04:04:33.287985,1,5
6a0d6b65c7fdd1c8900f89b3,ECODOBEM-00000020130,778dace98ff213ef3671561d8077257f56d18878b76b6b6b4316495b8825c37f,2026-05-20T04:05:57.517085,2026-05-20 16:05:57,4,4,5,5,5,5,Anomaly,Normal,Anomaly,Normal,Anomaly,Anomaly,5,5,5,4,5,5,Anomaly,Anomaly,Anomaly,Anomaly,Anomaly,Anomaly,ECODOBEM-00000020130,1600.7,5.2,155.8,28.9,2026-5-20T16:05:55.000000,esp32-s3,2026-05-20T04:05:57.517085,1,5
6a0d6bbac7fdd1c8900f89b4,ECODOBEM-00000020131,08d8fff1c5aa0419b0555fee707479c46fbd6f0aeb542e3294c446b401013872,2026-05-20T04:07:21.779666,2026-05-20 16:07:22,4,4,5,5,5,5,Anomaly,Normal,Anomaly,Normal,Anomaly,Anomaly,5,5,5,5,5,5,Anomaly,Anomaly,Anomaly,Anomaly,Anomaly,Anomaly,ECODOBEM-00000020131,1614.9,5.2,124.3,28.9,2026-5-20T16:07:19.000000,esp32-s3,2026-05-20T04:07:21.779666,1,5
6a0d6c0ec7fdd1c8900f89b5,ECODOBEM-00000020132,8a121214521299f767044855c222957d0cea7ebf7c1e5e8eab0d7b554349cd3b,2026-05-20T04:08:46.009212,2026-05-20 16:08:46,4,4,5,5,5,5,Anomaly,Normal,Anomaly,Normal,Anomaly,Anomaly,5,5,5,5,5,5,Anomaly,Anomaly,Anomaly,Anomaly,Anomaly,Anomaly,ECODOBEM-00000020132,1618.8,5.2,109.4,29.1,2026-5-20T16:08:44.000000,esp32-s3,2026-05-20T04:08:46.009212,1,5
6a0d6c62c7fdd1c8900f89b6,ECODOBEM-00000020133,ab58dea63407eddc041fd85c88bbef787a9236026fec3d3a55be5ec7da226e5e,2026-05-20T04:10:10.226158,2026-05-20 16:10:10,4,4,5,5,5,5,Anomaly,Normal,Anomaly,Normal,Anomaly,Anomaly,5,5,5,5,5,5,Anomaly,Anomaly,Anomaly,Anomaly,Anomaly,Anomaly,ECODOBEM-00000020133,1631.5,5.2,117.4,29.0,2026-5-20T16:10:08.000000,esp32-s3,2026-05-20T04:10:10.226158,1,5
6a0d6cb6c7fdd1c8900f89b7,ECODOBEM-00000020134,e186f217bf1770cae72fa3856e4a5357ab15ac4293cf1cb6deed2b4e83636751,2026-05-20T04:11:34.506552,2026-05-20 16:11:34,4,4,5,5,5,5,Anomaly,Normal,Anomaly,Normal,Anomaly,Anomaly,5,5,5,5,5,5,Anomaly,Anomaly,Anomaly,Anomaly,Anomaly,Anomaly,ECODOBEM-00000020134,1642.9,5.2,122.8,29.1,2026-5-20T16:11:32.000000,esp32-s3,2026-05-20T04:11:34.506552,1,5
6a0d6d0bc7fdd1c8900f89b8,ECODOBEM-00000020135,40c891a1f5b794c0698c0cc42c8bb55b207c4a901c62cb695aaf1601cf62b683,2026-05-20T04:12:59.169976,2026-05-20 16:12:59,4,4,5,5,5,5,Anomaly,Normal,Anomaly,Normal,Anomaly,Anomaly,5,5,5,5,5,5,Anomaly,Anomaly,Anomaly,Anomaly,Anomaly,Anomaly,ECODOBEM-00000020135,1650.5,5.2,111.0,29.1,2026-5-20T16:12:56.000000,esp32-s3,2026-05-20T04:12:59.169976,1,5
6a0d6d5fc7fdd1c8900f89b9,ECODOBEM-00000020136,baa955064d2b5df0328e34986ce46f152ea2bb2b76b11f088e3c40e3ee473bff,2026-05-20T04:14:22.978000,2026-05-20 16:14:23,4,4,5,5,5,5,Anomaly,Normal,Anomaly,Normal,Anomaly,Anomaly,5,5,5,5,5,5,Anomaly,Anomaly,Anomaly,Anomaly,Anomaly,Anomaly,ECODOBEM-00000020136,1657.5,5.2,104.3,29.2,2026-5-20T16:14:21.000000,esp32-s3,2026-05-20T04:14:22.978000,1,5
6a0d6db3c7fdd1c8900f89ba,ECODOBEM-00000020137,1330c6122414e5a25fbe3fe4d9e91c235ba8bd16816a9cc53b041182e64c8ea0,2026-05-20T04:15:47.061478,2026-05-20 16:15:47,4,4,5,5,5,5,Anomaly,Normal,Anomaly,Normal,Anomaly,Anomaly,5,5,5,5,5,5,Anomaly,Anomaly,Anomaly,Anomaly,Anomaly,Anomaly,ECODOBEM-00000020137,1668.1,5.2,106.1,29.1,2026-5-20T16:15:45.000000,esp32-s3,2026-05-20T04:15:47.061478,1,5
6a0d6e07c7fdd1c8900f89bb,ECODOBEM-00000020138,97984c6874d70a81dab226d0883a51d0ffc8b5fc38b6dd5cd419d43fc97f4e85,2026-05-20T04:17:11.364854,2026-05-20 16:17:11,4,4,5,5,5,5,Anomaly,Normal,Anomaly,Normal,Anomaly,Anomaly,5,5,5,5,5,5,Anomaly,Anomaly,Anomaly,Anomaly,Anomaly,Anomaly,ECODOBEM-00000020138,1677.7,5.2,105.9,29.2,2026-5-20T16:17:09.000000,esp32-s3,2026-05-20T04:17:11.364854,1,5
6a0d6e5bc7fdd1c8900f89bc,ECODOBEM-00000020139,be3bf13b4632dec0e918fad9b57c6d77cea8ed5fa729afdcd73a738e1f4fc7af,2026-05-20T04:18:35.570475,2026-05-20 16:18:35,4,4,5,5,5,5,Anomaly,Normal,Anomaly,Normal,Anomaly,Anomaly,5,5,5,5,5,5,Anomaly,Anomaly,Anomaly,Anomaly,Anomaly,Anomaly,ECODOBEM-00000020139,1683.2,5.2,103.3,29.3,2026-5-20T16:18:33.000000,esp32-s3,2026-05-20T04:18:35.570475,1,5
6a0d6eb0c7fdd1c8900f89bd,ECODOBEM-00000020140,aeb832be28b46f9b5ed53f1ab44d7293212e173404c8509240e1b9149bee1d2b,2026-05-20T04:19:59.867010,2026-05-20 16:20:00,4,4,5,5,5,5,Anomaly,Normal,Anomaly,Normal,Anomaly,Anomaly,5,5,5,5,5,5,Anomaly,Anomaly,Anomaly,Anomaly,Anomaly,Anomaly,ECODOBEM-00000020140,1692.3,5.2,105.2,29.2,2026-5-20T16:19:57.000000,esp32-s3,2026-05-20T04:19:59.867010,1,5
6a0d6f04c7fdd1c8900f89be,ECODOBEM-00000020141,0be20ae099e9d54eb1930e5acdc1627a73d267f8b760e881f6d6f742a291e51a,2026-05-20T04:21:24.075127,2026-05-20 16:21:24,4,4,5,5,5,5,Anomaly,Normal,Anomaly,Normal,Anomaly,Anomaly,5,5,5,5,5,5,Anomaly,Anomaly,Anomaly,Anomaly,Anomaly,Anomaly,ECODOBEM-00000020141,1696.4,5.2,103.4,29.3,2026-5-20T16:21:22.000000,esp32-s3,2026-05-20T04:21:24.075127,1,5
6a0d6f58c7fdd1c8900f89bf,ECODOBEM-00000020142,a87a3a689db028549577b2363f27063528f921bd44cfae56f28e8b001283d252,2026-05-20T04:22:48.247270,2026-05-20 16:22:48,4,4,5,5,5,5,Anomaly,Normal,Anomaly,Normal,Anomaly,Anomaly,5,5,5,5,5,5,Anomaly,Anomaly,Anomaly,Anomaly,Anomaly,Anomaly,ECODOBEM-00000020142,1702.2,5.2,106.5,29.3,2026-5-20T16:22:46.000000,esp32-s3,2026-05-20T04:22:48.247270,1,5
6a0d6fadc7fdd1c8900f89c0,ECODOBEM-00000020143,678237cc32276a366bc72752fe683801003bce5404a97d27c751abf7ce718b2c,2026-05-20T04:24:12.588331,2026-05-20 16:24:12,4,4,5,5,5,5,Anomaly,Normal,Anomaly,Normal,Anomaly,Anomaly,5,5,5,5,5,5,Anomaly,Anomaly,Anomaly,Anomaly,Anomaly,Anomaly,ECODOBEM-00000020143,1707.8,5.2,104.0,29.3,2026-5-20T16:24:10.000000,esp32-s3,2026-05-20T04:24:12.588331,1,5
6a0d7001c7fdd1c8900f89c1,ECODOBEM-00000020144,1a8c3f039a11825c87eaf81fdbee7199f0152ef86bb0b101ccc31af3cef60a25,2026-05-20T04:25:36.880044,2026-05-20 16:25:37,4,4,5,4,5,5,Anomaly,Normal,Anomaly,Normal,Anomaly,Anomaly,5,5,5,4,5,5,Anomaly,Anomaly,Anomaly,Normal,Anomaly,Anomaly,ECODOBEM-00000020144,1711.8,5.3,99.9,29.3,2026-5-20T16:25:34.000000,esp32-s3,2026-05-20T04:25:36.880044,1,5
6a0d7055c7fdd1c8900f89c2,ECODOBEM-00000020145,e642d71efa2f8fa4f32f91428e3c31ece699aa140e59a3b2f2310161ecef7aea,2026-05-20T04:27:01.034331,2026-05-20 16:27:01,4,4,5,5,5,5,Anomaly,Normal,Anomaly,Normal,Anomaly,Anomaly,5,5,5,5,5,5,Anomaly,Anomaly,Anomaly,Anomaly,Anomaly,Anomaly,ECODOBEM-00000020145,1716.3,5.2,97.2,29.3,2026-5-20T16:26:59.000000,esp32-s3,2026-05-20T04:27:01.034331,1,5
6a0d70a9c7fdd1c8900f89c3,ECODOBEM-00000020146,7613352fcf877defa4f40f5802e50cb06934928e931d949e0e6563e3432ecb7c,2026-05-20T04:28:25.343939,2026-05-20 16:28:25,4,4,5,5,5,5,Anomaly,Normal,Anomaly,Normal,Anomaly,Anomaly,4,4,5,5,5,4,Normal,Normal,Anomaly,Anomaly,Anomaly,Normal,ECODOBEM-00000020146,1718.3,5.2,96.0,29.3,2026-5-20T16:28:23.000000,esp32-s3,2026-05-20T04:28:25.343939,1,5
6a0d70fec7fdd1c8900f89c4,ECODOBEM-00000020147,890434c02f0549af8eab7d5934f3c46a9c1b34581e706f0f662bb0081640c9ae,2026-05-20T04:29:49.579329,2026-05-20 16:29:49,4,4,5,5,5,5,Anomaly,Normal,Anomaly,Normal,Anomaly,Anomaly,5,5,5,5,5,5,Anomaly,Anomaly,Anomaly,Anomaly,Anomaly,Anomaly,ECODOBEM-00000020147,1722.7,5.2,98.7,29.3,2026-5-20T16:29:47.000000,esp32-s3,2026-05-20T04:29:49.579329,1,5
6a0d7152c7fdd1c8900f89c5,ECODOBEM-00000020148,a6515402f533b43d8d42f59e995cdb4a03f9dbe6f50bdfeb3d09dd4124c8d300,2026-05-20T04:31:13.763487,2026-05-20 16:31:14,4,4,5,5,5,5,Anomaly,Normal,Anomaly,Normal,Anomaly,Anomaly,5,5,5,5,5,5,Anomaly,Anomaly,Anomaly,Anomaly,Anomaly,Anomaly,ECODOBEM-00000020148,1725.4,5.2,95.0,29.4,2026-5-20T16:31:11.000000,esp32-s3,2026-05-20T04:31:13.763487,1,5
6a0d71a6c7fdd1c8900f89c6,ECODOBEM-00000020149,033702a68af55530ad042750aa7286fe24fdd4be1817f0c2bd5f885e269d5cac,2026-05-20T04:32:37.978876,2026-05-20 16:32:38,4,4,5,5,5,5,Anomaly,Normal,Anomaly,Normal,Anomaly,Anomaly,5,5,5,5,5,5,Anomaly,Anomaly,Anomaly,Anomaly,Anomaly,Anomaly,ECODOBEM-00000020149,1731.4,5.2,95.1,29.3,2026-5-20T16:32:36.000000,esp32-s3,2026-05-20T04:32:37.978876,1,5
6a0d71fac7fdd1c8900f89c7,ECODOBEM-00000020150,858c4ef6ca2d9920f024ef958c608ef37b3ca33c2730497ccf80c75eda2281b7,2026-05-20T04:34:02.305470,2026-05-20 16:34:02,4,4,5,5,5,5,Anomaly,Normal,Anomaly,Normal,Anomaly,Anomaly,5,5,5,5,5,5,Anomaly,Anomaly,Anomaly,Anomaly,Anomaly,Anomaly,ECODOBEM-00000020150,1735.3,5.2,95.4,29.3,2026-5-20T16:34:00.000000,esp32-s3,2026-05-20T04:34:02.305470,1,5
6a0d724ec7fdd1c8900f89c8,ECODOBEM-00000020151,a3ceb77ae7b69b69d134f4101fca04721ef022d96cc08f68095e7f680c82283e,2026-05-20T04:35:26.396384,2026-05-20 16:35:26,4,4,5,5,5,5,Anomaly,Normal,Anomaly,Normal,Anomaly,Anomaly,5,5,5,5,5,5,Anomaly,Anomaly,Anomaly,Anomaly,Anomaly,Anomaly,ECODOBEM-00000020151,1736.2,5.2,83.3,29.3,2026-5-20T16:35:24.000000,esp32-s3,2026-05-20T04:35:26.396384,1,5
6a0d72a3c7fdd1c8900f89c9,ECODOBEM-00000020152,4ffdb10a74779ca970fc0642a7f9a6d45930bec34f326a7873915c82b2c60336,2026-05-20T04:36:50.687014,2026-05-20 16:36:50,4,4,5,5,5,5,Anomaly,Normal,Anomaly,Normal,Anomaly,Anomaly,5,5,5,5,5,5,Anomaly,Anomaly,Anomaly,Anomaly,Anomaly,Anomaly,ECODOBEM-00000020152,1741.9,5.2,81.7,29.3,2026-5-20T16:36:48.000000,esp32-s3,2026-05-20T04:36:50.687014,1,5
6a0d72f7c7fdd1c8900f89ca,ECODOBEM-00000020153,3eee933a33c42e5dad2ce0de7e4cc740102306866b576eb7db21a7b6b6f0ceba,2026-05-20T04:38:15.015867,2026-05-20 16:38:15,4,4,5,5,5,5,Anomaly,Normal,Anomaly,Normal,Anomaly,Anomaly,5,5,5,5,5,5,Anomaly,Anomaly,Anomaly,Anomaly,Anomaly,Anomaly,ECODOBEM-00000020153,1744.7,5.2,79.8,29.3,2026-5-20T16:38:13.000000,esp32-s3,2026-05-20T04:38:15.015867,1,5
6a0d744cc7fdd1c8900f89cb,ECODOBEM-00000020155,031fe837ef6e1849839a17f5d624849ede8a800dd79c7e61d68b6a7d27cb6219,2026-05-20T04:43:56.555200,2026-05-20 16:43:56,3,3,3,3,3,3,Normal,Normal,Normal,Normal,Normal,Normal,3,3,3,5,3,3,Normal,Normal,Normal,Normal,Normal,Normal,ECODOBEM-00000020155,143.2,6.2,3.5,30.8,2026-5-20T16:43:54.000000,esp32-s3,2026-05-20T04:43:56.555200,0,3
6a0d74a1c7fdd1c8900f89cc,ECODOBEM-00000020156,3bc32e09cdf9ddcd25a36a17ba4f99b8f09e87ec136e3ecadd2888bfc519fba5,2026-05-20T04:45:20.795802,2026-05-20 16:45:21,3,3,3,3,3,3,Normal,Normal,Normal,Normal,Normal,Normal,3,3,3,3,3,3,Normal,Normal,Normal,Normal,Normal,Normal,ECODOBEM-00000020156,141.4,6.1,4.8,30.6,2026-5-20T16:45:18.000000,esp32-s3,2026-05-20T04:45:20.795802,0,3
6a0d74f5c7fdd1c8900f89cd,ECODOBEM-00000020157,996ef7271104b0a7fcf9777ccd0be972712618088ea0f19debd10307e7e75bd8,2026-05-20T04:46:45.075931,2026-05-20 16:46:45,3,3,3,3,3,3,Normal,Normal,Normal,Normal,Normal,Normal,3,3,3,5,3,3,Normal,Normal,Normal,Normal,Normal,Normal,ECODOBEM-00000020157,141.3,6.2,5.7,30.5,2026-5-20T16:46:42.000000,esp32-s3,2026-05-20T04:46:45.075931,0,3
6a0d7549c7fdd1c8900f89ce,ECODOBEM-00000020158,f0d5497418f1be207c8d9a65d9a019c834f5b158bebacbcdec1c9286b4f9669e,2026-05-20T04:48:09.320292,2026-05-20 16:48:09,3,3,3,3,3,3,Normal,Normal,Normal,Normal,Normal,Normal,3,3,3,5,3,3,Normal,Normal,Normal,Normal,Normal,Normal,ECODOBEM-00000020158,140.8,6.3,3.6,30.4,2026-5-20T16:48:07.000000,esp32-s3,2026-05-20T04:48:09.320292,0,3
6a0d759dc7fdd1c8900f89cf,ECODOBEM-00000020159,af08195347d6904a55fecc5deefd0557640d65510310c9284eb3ab1db96bdd2a,2026-05-20T04:49:33.496680,2026-05-20 16:49:33,3,3,3,5,3,3,Normal,Normal,Normal,Normal,Normal,Normal,3,3,3,1,3,3,Normal,Normal,Normal,Normal,Normal,Normal,ECODOBEM-00000020159,141.6,6.4,3.1,30.4,2026-5-20T16:49:31.000000,esp32-s3,2026-05-20T04:49:33.496680,0,3
6a0d75f2c7fdd1c8900f89d0,ECODOBEM-00000020160,38c1e2e81b0d4424d3acde95a5392c0646912e30c47521fdebe6f2bc377cccaa,2026-05-20T04:50:57.826071,2026-05-20 16:50:58,3,3,3,3,3,3,Normal,Normal,Normal,Normal,Normal,Normal,3,3,3,3,4,4,Normal,Normal,Normal,Normal,Normal,Normal,ECODOBEM-00000020160,141.9,6.4,2.1,30.3,2026-5-20T16:50:55.000000,esp32-s3,2026-05-20T04:50:57.826071,0,3
6a0d7646c7fdd1c8900f89d1,ECODOBEM-00000020161,af09d9f9005badc02c3cd99b0188ec5aaf41dcb3af7e7ee25296d7712af32422,2026-05-20T04:52:22.080686,2026-05-20 16:52:22,1,1,1,1,1,1,Normal,Normal,Normal,Normal,Normal,Normal,1,3,5,5,1,1,Normal,Normal,Normal,Anomaly,Normal,Normal,ECODOBEM-00000020161,142.2,6.5,0.6,30.3,2026-5-20T16:52:19.000000,esp32-s3,2026-05-20T04:52:22.080686,0,1
6a0d769ac7fdd1c8900f89d2,ECODOBEM-00000020162,e37e2e0e6e2e26eb9fd789c0fd7bc9cae83ffc4f773fa44da9cdf036ca81364c,2026-05-20T04:53:46.331003,2026-05-20 16:53:46,1,1,1,1,1,1,Normal,Normal,Normal,Normal,Normal,Normal,1,3,1,5,2,1,Normal,Normal,Normal,Normal,Normal,Normal,ECODOBEM-00000020162,143.2,6.5,1.0,30.3,2026-5-20T16:53:44.000000,esp32-s3,2026-05-20T04:53:46.331003,0,1
6a0d76eec7fdd1c8900f89d3,ECODOBEM-00000020163,2d56d7041a4d25e77c41d0e94cb5944d8fc33034a905b2608ee5a92dbd9d2768,2026-05-20T04:55:10.475707,2026-05-20 16:55:10,1,1,1,1,1,1,Normal,Normal,Normal,Normal,Normal,Normal,1,3,5,5,1,1,Normal,Normal,Normal,Anomaly,Normal,Normal,ECODOBEM-00000020163,142.2,6.5,1.5,30.3,2026-5-20T16:55:08.000000,esp32-s3,2026-05-20T04:55:10.475707,0,1
6a0d7743c7fdd1c8900f89d4,ECODOBEM-00000020164,e6262d0979f5d1aea2f466c3caa161d89220a89ff7c9be629b293e0b23d2a12e,2026-05-20T04:56:34.829235,2026-05-20 16:56:35,1,1,1,1,1,1,Normal,Normal,Normal,Normal,Normal,Normal,1,3,1,5,2,1,Normal,Normal,Normal,Anomaly,Normal,Normal,ECODOBEM-00000020164,142.1,6.5,1.4,30.2,2026-5-20T16:56:32.000000,esp32-s3,2026-05-20T04:56:34.829235,0,1
6a0d7797c7fdd1c8900f89d5,ECODOBEM-00000020165,d7843ca7e1d983c4874bdefb37f05971c3ae10310257200f556e2fc0214d2ca6,2026-05-20T04:57:59.024603,2026-05-20 16:57:59,1,1,1,1,1,1,Normal,Normal,Normal,Normal,Normal,Normal,1,3,1,5,1,1,Normal,Normal,Normal,Anomaly,Normal,Normal,ECODOBEM-00000020165,141.9,6.5,1.1,30.2,2026-5-20T16:57:56.000000,esp32-s3,2026-05-20T04:57:59.024603,0,1
6a0d77ebc7fdd1c8900f89d6,ECODOBEM-00000020166,161f5149d967b1ad70b17283a9faab8b9c5266674c3afaea9b8960800891e780,2026-05-20T04:59:23.362548,2026-05-20 16:59:23,1,1,1,1,1,1,Normal,Normal,Normal,Normal,Normal,Normal,1,3,1,5,2,1,Normal,Normal,Normal,Anomaly,Normal,Normal,ECODOBEM-00000020166,141.8,6.5,3.6,30.1,2026-5-20T16:59:21.000000,esp32-s3,2026-05-20T04:59:23.362548,0,1
6a0d783fc7fdd1c8900f89d7,ECODOBEM-00000020167,5cb8262f9cc84cabaac36b9befe865c5c0fde07c20019e8140e83f40ca9607f2,2026-05-20T05:00:47.579152,2026-05-20 17:00:47,1,1,1,1,1,1,Normal,Normal,Normal,Normal,Normal,Normal,1,3,1,5,2,1,Normal,Normal,Normal,Anomaly,Normal,Normal,ECODOBEM-00000020167,141.4,6.5,1.3,30.1,2026-5-20T17:00:45.000000,esp32-s3,2026-05-20T05:00:47.579152,0,1
6a0d7894c7fdd1c8900f89d8,ECODOBEM-00000020168,8dfeb783532d2d72a087e5b072dcddb720c39916d715337bfa7a463c371931e5,2026-05-20T05:02:11.801155,2026-05-20 17:02:12,1,1,1,1,1,1,Normal,Normal,Normal,Normal,Normal,Normal,1,3,1,5,1,1,Normal,Normal,Normal,Anomaly,Normal,Normal,ECODOBEM-00000020168,141.8,6.5,3.9,30.0,2026-5-20T17:02:09.000000,esp32-s3,2026-05-20T05:02:11.801155,0,1
6a0d797cc7fdd1c8900f89d9,ECODOBEM-00000020170,e8815df0cf30db3d5f4fb30124f1ccd8133c3e5100bff5f0c981ede1afc4e12d,2026-05-20T05:06:03.663695,2026-05-20 17:06:03,3,3,3,3,3,3,Normal,Normal,Normal,Normal,Normal,Normal,3,3,3,2,3,3,Normal,Normal,Normal,Normal,Normal,Normal,ECODOBEM-00000020170,143.3,6.4,43.0,30.1,2026-5-20T17:06:02.000000,esp32-s3,2026-05-20T05:06:03.663695,0,3
6a0d79d0c7fdd1c8900f89da,ECODOBEM-00000020171,bc3541a5f6331942c13eee67589842eed43800a910e6f101c36528d186414af0,2026-05-20T05:07:27.893970,2026-05-20 17:07:28,3,3,3,3,3,3,Normal,Normal,Normal,Normal,Normal,Normal,3,3,2,2,3,3,Normal,Normal,Normal,Normal,Normal,Normal,ECODOBEM-00000020171,142.0,6.4,45.4,29.9,2026-5-20T17:07:26.000000,esp32-s3,2026-05-20T05:07:27.893970,0,3
6a0d7a24c7fdd1c8900f89db,ECODOBEM-00000020172,93086cc19f8ed9bcc4700d6df910dae3d19e6bac8616b6d18397a88601294c90,2026-05-20T05:08:52.185246,2026-05-20 17:08:52,3,3,3,3,3,3,Normal,Normal,Normal,Normal,Normal,Normal,3,3,3,2,2,3,Normal,Normal,Normal,Normal,Normal,Normal,ECODOBEM-00000020172,143.0,6.4,45.1,29.9,2026-5-20T17:08:50.000000,esp32-s3,2026-05-20T05:08:52.185246,0,3
6a0d7a78c7fdd1c8900f89dc,ECODOBEM-00000020173,b07f6063043e6e9d8727547fe36e2e95c3d225a0f12a21a57df040ab0c709065,2026-05-20T05:10:16.562697,2026-05-20 17:10:16,3,3,3,3,3,3,Normal,Normal,Normal,Normal,Normal,Normal,3,3,3,2,2,3,Normal,Normal,Normal,Normal,Normal,Normal,ECODOBEM-00000020173,142.5,6.4,40.9,29.9,2026-5-20T17:10:15.000000,esp32-s3,2026-05-20T05:10:16.562697,0,3
6a0d7acdc7fdd1c8900f89dd,ECODOBEM-00000020174,23890e6eb1fcbe129cfa93edc548ee7a4844dac8daa94112a36cae181edbbdf9,2026-05-20T05:11:40.752877,2026-05-20 17:11:41,3,3,2,2,2,2,Normal,Normal,Normal,Normal,Normal,Normal,3,3,3,2,3,3,Normal,Normal,Normal,Normal,Normal,Normal,ECODOBEM-00000020174,142.1,6.4,41.4,29.9,2026-5-20T17:11:39.000000,esp32-s3,2026-05-20T05:11:40.752877,0,3
6a0d7bd5c7fdd1c8900f89de,ECODOBEM-00000020176,ba34a59884a616ea3e08c06130d1c3113d189452bb1b50f5aa677fb5981b63a2,2026-05-20T05:16:05.358172,2026-05-20 17:16:05,5,5,4,4,4,4,Anomaly,Anomaly,Normal,Normal,Normal,Normal,5,5,5,5,5,5,Anomaly,Anomaly,Anomaly,Anomaly,Anomaly,Anomaly,ECODOBEM-00000020176,643.4,4.9,4.8,33.2,2026-5-20T17:16:03.000000,esp32-s3,2026-05-20T05:16:05.358172,1,5
6a0d7c16c7fdd1c8900f89df,ECODOBEM-00000020179,dbbeb856396c828bf2e1ffbbdfb3fe53b91f07f326fa350bab6042f1207cef9f,2026-05-20T05:17:10.479239,2026-05-20 17:17:10,5,4,5,5,5,5,Normal,Normal,Anomaly,Anomaly,Anomaly,Anomaly,5,5,5,5,5,5,Anomaly,Anomaly,Anomaly,Anomaly,Anomaly,Anomaly,ECODOBEM-00000020179,689.4,4.8,4.8,30.0,2026-5-20T17:17:08.000000,esp32-s3,2026-05-20T05:17:10.479239,1,5
6a0d7c7ec7fdd1c8900f89e0,ECODOBEM-00000020180,7f86e0fbf59ea15bf9edfb82d68b08606f731062619520a84159205a0fcde330,2026-05-20T05:18:54.148508,2026-05-20 17:18:54,5,4,5,5,4,4,Normal,Normal,Anomaly,Anomaly,Normal,Normal,5,5,5,5,5,5,Anomaly,Anomaly,Anomaly,Anomaly,Anomaly,Anomaly,ECODOBEM-00000020180,694.1,4.8,3.1,29.9,2026-5-20T17:18:52.000000,esp32-s3,2026-05-20T05:18:54.148508,1,5
6a0d7cd2c7fdd1c8900f89e1,ECODOBEM-00000020181,6481df4f4f435f2744cb1c5f6835693a21a64ab4a28bce7dbc355d1da828ccb2,2026-05-20T05:20:18.232622,2026-05-20 17:20:18,5,4,4,5,4,4,Normal,Normal,Normal,Anomaly,Normal,Normal,4,4,4,5,5,4,Normal,Normal,Normal,Anomaly,Anomaly,Normal,ECODOBEM-00000020181,699.2,4.8,3.0,29.8,2026-5-20T17:20:16.000000,esp32-s3,2026-05-20T05:20:18.232622,1,5
6a0d7d26c7fdd1c8900f89e2,ECODOBEM-00000020182,2d59b2317ed415d7f080a63264935e03fd3bd1abc2c1360de6de544f162a73ad,2026-05-20T05:21:42.347207,2026-05-20 17:21:42,5,4,5,5,5,5,Normal,Normal,Anomaly,Anomaly,Anomaly,Anomaly,4,4,4,5,5,4,Normal,Normal,Normal,Anomaly,Anomaly,Normal,ECODOBEM-00000020182,702.8,4.8,0.6,29.6,2026-5-20T17:21:40.000000,esp32-s3,2026-05-20T05:21:42.347207,1,5
6a0d7d7ac7fdd1c8900f89e3,ECODOBEM-00000020183,fb692ad1bd0131c603be2d4236c19631287d0a5ccdc4b3fc8e9f7cd9ed04e340,2026-05-20T05:23:06.461765,2026-05-20 17:23:06,5,4,5,5,5,5,Normal,Normal,Anomaly,Anomaly,Anomaly,Anomaly,5,5,5,5,5,5,Anomaly,Anomaly,Anomaly,Anomaly,Anomaly,Anomaly,ECODOBEM-00000020183,706.4,4.8,0.6,29.5,2026-5-20T17:23:04.000000,esp32-s3,2026-05-20T05:23:06.461765,1,5
6a0d7dcfc7fdd1c8900f89e4,ECODOBEM-00000020184,5ae25955c44df3aa1922b92395d297ab63b29b61700a4823458c7f4962bcda25,2026-05-20T05:24:30.661140,2026-05-20 17:24:31,5,4,4,5,4,4,Normal,Normal,Normal,Anomaly,Normal,Normal,4,4,4,5,5,4,Normal,Normal,Normal,Anomaly,Anomaly,Normal,ECODOBEM-00000020184,711.4,4.8,0.2,29.5,2026-5-20T17:24:28.000000,esp32-s3,2026-05-20T05:24:30.661140,1,5
6a0d7e23c7fdd1c8900f89e5,ECODOBEM-00000020185,41bfab823296816f761e805653e346233d2b8cf7dc66620b291d2a96168d9128,2026-05-20T05:25:54.850703,2026-05-20 17:25:55,5,4,5,5,5,5,Normal,Normal,Anomaly,Anomaly,Anomaly,Anomaly,4,4,4,5,5,4,Normal,Normal,Normal,Anomaly,Anomaly,Normal,ECODOBEM-00000020185,718.7,4.8,0.2,29.3,2026-5-20T17:25:52.000000,esp32-s3,2026-05-20T05:25:54.850703,1,5
6a0e6b21a0252f65bd5f18fb,ECODOBEM-00000020216,b7e41045abdcdba005bef2d11f7366154c74a2ce7d9b2c62ba39edd560604814,2026-05-20T22:17:05.259297,2026-05-21 10:17:05,3,3,4,3,4,4,Normal,Normal,Normal,Normal,Normal,Normal,4,3,4,4,4,4,Normal,Normal,Normal,Normal,Normal,Normal,ECODOBEM-00000020216,1500.0,6.0,70.0,30.0,2026-5-21T10:17:02.000000,esp32-s3,2026-05-20T22:17:05.259297,0,3
6a0e6bdaa0252f65bd5f18fc,ECODOBEM-00000020217,3eaf69c63cca2a214ee934f7620d38b6f7981c6429e950272048159a368de7d9,2026-05-20T22:20:10.003186,2026-05-21 10:20:10,3,3,4,4,4,4,Normal,Normal,Normal,Normal,Anomaly,Normal,4,4,4,4,4,4,Normal,Normal,Normal,Normal,Normal,Normal,ECODOBEM-00000020217,1502.0,6.1,70.0,31.0,2026-5-21T10:20:08.000000,esp32-s3,2026-05-20T22:20:10.003186,0,3
6a0e6c2ea0252f65bd5f18fd,ECODOBEM-00000020218,c50fae355ff0f6b961674d4c98d39bd14130c2f155be21c3a4ed43b3f724cd04,2026-05-20T22:21:34.210523,2026-05-21 10:21:34,3,3,4,4,4,4,Normal,Normal,Normal,Normal,Anomaly,Normal,4,4,4,4,4,4,Normal,Normal,Normal,Normal,Normal,Normal,ECODOBEM-00000020218,1502.0,6.1,70.0,31.0,2026-5-21T10:21:32.000000,esp32-s3,2026-05-20T22:21:34.210523,0,3
